what,kind,bundleId,bundleVersion,description,time
started,bundle,org.eclipse.wst.server.core,1.1.304.v20120208_1420,"org.eclipse.wst.server.core",1398175696903
started,bundle,org.eclipse.wst.server.ui,1.3.0.v20120210_1439,"org.eclipse.wst.server.ui",1398175696903
started,bundle,org.eclipse.wst.validation,1.2.303.v201202090300,"org.eclipse.wst.validation",1398175696904
started,bundle,org.eclipse.wst.web,1.1.501.v201201190400,"org.eclipse.wst.web",1398175696904
started,bundle,org.eclipse.wst.xml.core,1.1.602.v201201091944,"org.eclipse.wst.xml.core",1398175696905
started,bundle,org.eclipse.cdt.codan.checkers,1.0.1.201202111925,"org.eclipse.cdt.codan.checkers",1398175696905
started,bundle,org.eclipse.cdt.codan.core,2.0.0.201202111925,"org.eclipse.cdt.codan.core",1398175696906
started,bundle,org.eclipse.cdt.codan.core.cxx,1.0.0.201202111925,"org.eclipse.cdt.codan.core.cxx",1398175696906
started,bundle,org.eclipse.cdt.codan.ui.cxx,2.0.0.201202111925,"org.eclipse.cdt.codan.ui.cxx",1398175696906
started,bundle,org.eclipse.cdt.core,5.3.2.201202111925,"org.eclipse.cdt.core",1398175696907
started,bundle,org.eclipse.cdt.dsf,2.2.0.201202111925,"org.eclipse.cdt.dsf",1398175696908
started,bundle,org.eclipse.cdt.dsf.gdb,4.0.2.201202111925,"org.eclipse.cdt.dsf.gdb",1398175696908
started,bundle,org.eclipse.cdt.dsf.gdb.ui,2.2.1.201202111925,"org.eclipse.cdt.dsf.gdb.ui",1398175696909
started,bundle,org.eclipse.cdt.make.core,7.1.2.201202111925,"org.eclipse.cdt.make.core",1398175696910
started,bundle,org.eclipse.cdt.make.ui,7.1.2.201202111925,"org.eclipse.cdt.make.ui",1398175696911
started,bundle,org.eclipse.cdt.managedbuilder.core,8.0.2.201202111925,"org.eclipse.cdt.managedbuilder.core",1398175696911
started,bundle,org.eclipse.cdt.ui,5.3.2.201202111925,"org.eclipse.cdt.ui",1398175696913
started,bundle,com.android.ide.eclipse.adt,22.3.0.v201310242005-887826,"com.android.ide.eclipse.adt",1398175696913
started,bundle,com.android.ide.eclipse.base,22.3.0.v201310242005-887826,"com.android.ide.eclipse.base",1398175696914
os,sysinfo,,,"win32",1398175696918
arch,sysinfo,,,"x86_64",1398175696918
ws,sysinfo,,,"win32",1398175696918
locale,sysinfo,,,"it_IT",1398175696918
processors,sysinfo,,,"4",1398175696918
java.runtime.name,sysinfo,,,"Java(TM) SE Runtime Environment",1398175696918
java.runtime.version,sysinfo,,,"1.6.0_45-b06",1398175696918
java.specification.name,sysinfo,,,"Java Platform API Specification",1398175696918
java.specification.vendor,sysinfo,,,"Sun Microsystems Inc.",1398175696918
java.specification.version,sysinfo,,,"1.6",1398175696918
java.vendor,sysinfo,,,"Sun Microsystems Inc.",1398175696918
java.version,sysinfo,,,"1.6.0_45",1398175696918
java.vm.info,sysinfo,,,"mixed mode",1398175696918
java.vm.name,sysinfo,,,"Java HotSpot(TM) 64-Bit Server VM",1398175696918
java.vm.specification.name,sysinfo,,,"Java Virtual Machine Specification",1398175696918
java.vm.specification.vendor,sysinfo,,,"Sun Microsystems Inc.",1398175696918
java.vm.specification.version,sysinfo,,,"1.0",1398175696918
java.vm.vendor,sysinfo,,,"Sun Microsystems Inc.",1398175696918
java.vm.version,sysinfo,,,"20.45-b01",1398175696918
started,bundle,org.eclipse.jdt.apt.core,3.3.500.v20110420-1015,"org.eclipse.jdt.apt.core",1398175698759
started,bundle,org.eclipse.jdt.apt.pluggable.core,1.0.400.v20110305-1450,"org.eclipse.jdt.apt.pluggable.core",1398175698763
deactivated,workbench,org.eclipse.ui.workbench,3.7.1.v20120104-1859,"",1398175706912
activated,workbench,org.eclipse.ui.workbench,3.7.1.v20120104-1859,"",1398175740538
activated,view,org.eclipse.jdt.ui,3.7.2.v20120109-1427,"org.eclipse.jdt.ui.PackageExplorer",1398175742788
started,bundle,org.eclipse.jpt.common.core,1.0.2.v201111103010,"org.eclipse.jpt.common.core",1398175743075
started,bundle,org.eclipse.jpt.jpa.core,3.0.2.v201201243020,"org.eclipse.jpt.jpa.core",1398175743089
started,bundle,org.eclipse.wst.sse.core,1.1.602.v201112071516,"org.eclipse.wst.sse.core",1398175743090
started,bundle,org.eclipse.wst.sse.ui,1.3.2.v201201041522,"org.eclipse.wst.sse.ui",1398175758887
started,bundle,org.eclipse.wst.xml.ui,1.1.202.v201112071516,"org.eclipse.wst.xml.ui",1398175758897
started,bundle,org.eclipse.wst.common.uriresolver,1.1.401.v201004280700,"org.eclipse.wst.common.uriresolver",1398175759349
started,bundle,org.eclipse.wst.xsl.core,1.1.100.v201102270516,"org.eclipse.wst.xsl.core",1398175759407
started,bundle,org.eclipse.wst.xsl.exslt.core,1.0.0.v201005240426,"org.eclipse.wst.xsl.exslt.core",1398175759409
started,bundle,org.eclipse.wst.dtd.ui,1.0.600.v201103171359,"org.eclipse.wst.dtd.ui",1398175759651
started,bundle,org.eclipse.compare.core,3.5.200.I20110208-0800,"org.eclipse.compare.core",1398175759713
started,bundle,org.eclipse.wst.xsl.ui,1.1.200.v201103082057,"org.eclipse.wst.xsl.ui",1398175759749
opened,editor,com.android.ide.eclipse.adt,22.3.0.v201310242005-887826,"com.android.ide.eclipse.editors.CommonXmlEditor",1398175761484
activated,editor,com.android.ide.eclipse.adt,22.3.0.v201310242005-887826,"com.android.ide.eclipse.editors.CommonXmlEditor",1398175761566
deactivated,workbench,org.eclipse.ui.workbench,3.7.1.v20120104-1859,"",1398175770098
activated,workbench,org.eclipse.ui.workbench,3.7.1.v20120104-1859,"",1398175803222
started,bundle,org.eclipse.jst.jsp.ui,1.1.602.v201112071516,"org.eclipse.jst.jsp.ui",1398175804772
started,bundle,org.eclipse.jst.jsp.core,1.2.402.v201112071853,"org.eclipse.jst.jsp.core",1398175804811
deactivated,workbench,org.eclipse.ui.workbench,3.7.1.v20120104-1859,"",1398175812306
activated,workbench,org.eclipse.ui.workbench,3.7.1.v20120104-1859,"",1398175820382
executed,command,org.eclipse.ui,3.7.0.v20110928-1505,"org.eclipse.ui.edit.paste",1398175824041
executed,command,org.eclipse.ui,3.7.0.v20110928-1505,"org.eclipse.ui.file.save",1398175825101
deactivated,workbench,org.eclipse.ui.workbench,3.7.1.v20120104-1859,"",1398175826427
activated,workbench,org.eclipse.ui.workbench,3.7.1.v20120104-1859,"",1398175833086
executed,command,org.eclipse.ui,3.7.0.v20110928-1505,"org.eclipse.ui.edit.paste",1398175836683
started,bundle,org.eclipse.mylyn.java.tasks,3.6.0.v20110608-1400,"org.eclipse.mylyn.java.tasks",1398175837300
started,bundle,org.eclipse.wst.html.ui,1.0.602.v201202091936,"org.eclipse.wst.html.ui",1398175837339
executed,command,org.eclipse.ui,3.7.0.v20110928-1505,"org.eclipse.ui.file.save",1398175838838
started,bundle,org.eclipse.cdt.debug.core,7.1.0.201202111925,"org.eclipse.cdt.debug.core",1398175843481
started,bundle,org.eclipse.cdt.debug.ui,7.1.2.201202111925,"org.eclipse.cdt.debug.ui",1398175843488
started,bundle,org.eclipse.wst.xsl.debug.ui,1.0.200.v201101281837,"org.eclipse.wst.xsl.debug.ui",1398175843508
deactivated,workbench,org.eclipse.ui.workbench,3.7.1.v20120104-1859,"",1398175845434
activated,workbench,org.eclipse.ui.workbench,3.7.1.v20120104-1859,"",1398175852806
executed,command,org.eclipse.ui,3.7.0.v20110928-1505,"org.eclipse.ui.edit.paste",1398175856867
executed,command,org.eclipse.ui,3.7.0.v20110928-1505,"org.eclipse.ui.file.save",1398175857304
executed,command,org.eclipse.wst.sse.ui,1.3.2.v201201041522,"org.eclipse.wst.sse.ui.format.document",1398175867120
executed,command,org.eclipse.ui,3.7.0.v20110928-1505,"org.eclipse.ui.file.save",1398175867837
executed,command,org.eclipse.ui.workbench.texteditor,3.7.0.v20110928-1504,"org.eclipse.ui.edit.text.delete.line",1398175869264
executed,command,org.eclipse.ui,3.7.0.v20110928-1505,"org.eclipse.ui.file.save",1398175869537
error,log,,,"sports_car_detailview_layout.xml: ScrollView can host only one direct child",1398175881963
deactivated,workbench,org.eclipse.ui.workbench,3.7.1.v20120104-1859,"",1398175921632
activated,workbench,org.eclipse.ui.workbench,3.7.1.v20120104-1859,"",1398175922436
deactivated,workbench,org.eclipse.ui.workbench,3.7.1.v20120104-1859,"",1398175924423
activated,workbench,org.eclipse.ui.workbench,3.7.1.v20120104-1859,"",1398175937388
activated,view,org.eclipse.jdt.ui,3.7.2.v20120109-1427,"org.eclipse.jdt.ui.PackageExplorer",1398175941311
executed,command,org.eclipse.ui,3.7.0.v20110928-1505,"org.eclipse.ui.navigate.collapseAll",1398175942317
opened,editor,org.eclipse.jdt.ui,3.7.2.v20120109-1427,"org.eclipse.jdt.ui.CompilationUnitEditor",1398175948515
started,bundle,org.eclipse.jdt.debug,3.7.1.v20111006_r372,"org.eclipse.jdt.debug",1398175948588
started,bundle,org.eclipse.jdt.debug.ui,3.6.1.v20111006_r372,"org.eclipse.jdt.debug.ui",1398175948632
activated,editor,org.eclipse.jdt.ui,3.7.2.v20120109-1427,"org.eclipse.jdt.ui.CompilationUnitEditor",1398175948663
started,bundle,org.eclipse.core.variables,3.2.500.v20110928-1503,"org.eclipse.core.variables",1398175949554
executed,command,org.eclipse.ui,3.7.0.v20110928-1505,"org.eclipse.ui.edit.paste",1398175952903
started,bundle,org.eclipse.jdt.junit,3.7.0.v20110928-1453,"org.eclipse.jdt.junit",1398175953847
executed,command,org.eclipse.ui.workbench.texteditor,3.7.0.v20110928-1504,"org.eclipse.ui.edit.text.delete.line",1398175954476
executed,command,org.eclipse.ui,3.7.0.v20110928-1505,"org.eclipse.ui.file.save",1398175954853
deactivated,workbench,org.eclipse.ui.workbench,3.7.1.v20120104-1859,"",1398175957271
activated,workbench,org.eclipse.ui.workbench,3.7.1.v20120104-1859,"",1398175957395
executed,command,org.eclipse.ui,3.7.0.v20110928-1505,"org.eclipse.ui.file.save",1398175958469
deactivated,workbench,org.eclipse.ui.workbench,3.7.1.v20120104-1859,"",1398175959163
activated,workbench,org.eclipse.ui.workbench,3.7.1.v20120104-1859,"",1398175968580
executed,command,org.eclipse.ui,3.7.0.v20110928-1505,"org.eclipse.ui.edit.paste",1398175978836
executed,command,org.eclipse.ui,3.7.0.v20110928-1505,"org.eclipse.ui.file.save",1398175979245
started,bundle,org.eclipse.jdt.junit.core,3.7.0.v20110928-1453,"org.eclipse.jdt.junit.core",1398175988443
started,bundle,com.android.ide.eclipse.ndk,22.3.0.v201310242005-887826,"com.android.ide.eclipse.ndk",1398175988804
activated,editor,com.android.ide.eclipse.adt,22.3.0.v201310242005-887826,"com.android.ide.eclipse.editors.CommonXmlEditor",1398175990461
executed,command,org.eclipse.ui,3.7.0.v20110928-1505,"org.eclipse.ui.edit.copy",1398175994695
executed,command,org.eclipse.ui,3.7.0.v20110928-1505,"org.eclipse.ui.edit.paste",1398175998989
executed,command,org.eclipse.ui,3.7.0.v20110928-1505,"org.eclipse.ui.file.save",1398175999429
executed,command,org.eclipse.ui,3.7.0.v20110928-1505,"org.eclipse.ui.file.save",1398176006731
executed,command,org.eclipse.ui,3.7.0.v20110928-1505,"org.eclipse.ui.edit.copy",1398176011725
activated,editor,org.eclipse.jdt.ui,3.7.2.v20120109-1427,"org.eclipse.jdt.ui.CompilationUnitEditor",1398176012623
executed,command,org.eclipse.ui,3.7.0.v20110928-1505,"org.eclipse.ui.edit.paste",1398176014086
executed,command,org.eclipse.ui,3.7.0.v20110928-1505,"org.eclipse.ui.file.save",1398176014526
executed,command,org.eclipse.ui,3.7.0.v20110928-1505,"org.eclipse.ui.edit.cut",1398176025463
executed,command,org.eclipse.ui,3.7.0.v20110928-1505,"org.eclipse.ui.edit.paste",1398176031262
executed,command,org.eclipse.ui,3.7.0.v20110928-1505,"org.eclipse.ui.file.save",1398176031691
executed,command,org.eclipse.ui,3.7.0.v20110928-1505,"org.eclipse.ui.edit.cut",1398176039904
executed,command,org.eclipse.ui,3.7.0.v20110928-1505,"org.eclipse.ui.edit.paste",1398176044987
executed,command,org.eclipse.ui,3.7.0.v20110928-1505,"org.eclipse.ui.file.save",1398176045377
executed,command,org.eclipse.ui,3.7.0.v20110928-1505,"org.eclipse.ui.file.save",1398176048489
executed,command,org.eclipse.ui.workbench.texteditor,3.7.0.v20110928-1504,"org.eclipse.ui.edit.text.delete.line",1398176052562
executed,command,org.eclipse.ui,3.7.0.v20110928-1505,"org.eclipse.ui.file.save",1398176052857
executed,command,org.eclipse.ui,3.7.0.v20110928-1505,"org.eclipse.ui.edit.cut",1398176057626
executed,command,org.eclipse.ui.workbench.texteditor,3.7.0.v20110928-1504,"org.eclipse.ui.edit.text.delete.line",1398176058120
executed,command,org.eclipse.ui,3.7.0.v20110928-1505,"org.eclipse.ui.file.save",1398176058487
executed,command,org.eclipse.ui,3.7.0.v20110928-1505,"org.eclipse.ui.edit.paste",1398176064789
executed,command,org.eclipse.ui,3.7.0.v20110928-1505,"org.eclipse.ui.file.save",1398176065114
executed,command,org.eclipse.ui.workbench.texteditor,3.7.0.v20110928-1504,"org.eclipse.ui.edit.text.delete.line",1398176070341
executed,command,org.eclipse.ui,3.7.0.v20110928-1505,"org.eclipse.ui.file.save",1398176070682
executed,command,org.eclipse.ui,3.7.0.v20110928-1505,"org.eclipse.ui.edit.cut",1398176080020
executed,command,org.eclipse.ui,3.7.0.v20110928-1505,"org.eclipse.ui.edit.paste",1398176082973
executed,command,org.eclipse.ui,3.7.0.v20110928-1505,"org.eclipse.ui.file.save",1398176083381
executed,command,org.eclipse.ui,3.7.0.v20110928-1505,"org.eclipse.ui.file.save",1398176085080
executed,command,org.eclipse.ui.workbench.texteditor,3.7.0.v20110928-1504,"org.eclipse.ui.edit.text.delete.line",1398176087199
executed,command,org.eclipse.ui.workbench.texteditor,3.7.0.v20110928-1504,"org.eclipse.ui.edit.text.delete.line",1398176087870
executed,command,org.eclipse.ui,3.7.0.v20110928-1505,"org.eclipse.ui.file.save",1398176088133
deactivated,workbench,org.eclipse.ui.workbench,3.7.1.v20120104-1859,"",1398176091879
activated,workbench,org.eclipse.ui.workbench,3.7.1.v20120104-1859,"",1398176112764
executed,command,org.eclipse.ui,3.7.0.v20110928-1505,"org.eclipse.ui.edit.paste",1398176123289
executed,command,org.eclipse.ui,3.7.0.v20110928-1505,"org.eclipse.ui.file.save",1398176123722
executed,command,org.eclipse.ui,3.7.0.v20110928-1505,"org.eclipse.ui.file.save",1398176131856
deactivated,workbench,org.eclipse.ui.workbench,3.7.1.v20120104-1859,"",1398176181477
activated,workbench,org.eclipse.ui.workbench,3.7.1.v20120104-1859,"",1398176181526
deactivated,workbench,org.eclipse.ui.workbench,3.7.1.v20120104-1859,"",1398176184294
activated,workbench,org.eclipse.ui.workbench,3.7.1.v20120104-1859,"",1398176184407
executed,command,org.eclipse.ui,3.7.0.v20110928-1505,"org.eclipse.ui.file.save",1398176186016
deactivated,workbench,org.eclipse.ui.workbench,3.7.1.v20120104-1859,"",1398176195070
activated,workbench,org.eclipse.ui.workbench,3.7.1.v20120104-1859,"",1398176195203
executed,command,org.eclipse.ui,3.7.0.v20110928-1505,"org.eclipse.ui.file.save",1398176196652
deactivated,workbench,org.eclipse.ui.workbench,3.7.1.v20120104-1859,"",1398176222620
activated,workbench,org.eclipse.ui.workbench,3.7.1.v20120104-1859,"",1398176230162
executed,command,org.eclipse.ui,3.7.0.v20110928-1505,"org.eclipse.ui.edit.undo",1398176246488
executed,command,org.eclipse.ui,3.7.0.v20110928-1505,"org.eclipse.ui.edit.undo",1398176248072
executed,command,org.eclipse.ui,3.7.0.v20110928-1505,"org.eclipse.ui.edit.undo",1398176249214
executed,command,org.eclipse.ui,3.7.0.v20110928-1505,"org.eclipse.ui.edit.undo",1398176250744
executed,command,org.eclipse.ui,3.7.0.v20110928-1505,"org.eclipse.ui.edit.undo",1398176251490
executed,command,org.eclipse.ui,3.7.0.v20110928-1505,"org.eclipse.ui.edit.undo",1398176251953
executed,command,org.eclipse.ui,3.7.0.v20110928-1505,"org.eclipse.ui.file.save",1398176253784
executed,command,org.eclipse.ui,3.7.0.v20110928-1505,"org.eclipse.ui.edit.copy",1398176259495
executed,command,org.eclipse.ui,3.7.0.v20110928-1505,"org.eclipse.ui.edit.paste",1398176262257
started,bundle,org.eclipse.mylyn.ide.ui,3.6.0.v20110608-1400,"org.eclipse.mylyn.ide.ui",1398176265222
started,bundle,org.eclipse.jpt.jaxb.ui,1.1.2.v201201260000,"org.eclipse.jpt.jaxb.ui",1398176265233
started,bundle,org.eclipse.jpt.jpa.ui,3.0.2.v201201243020,"org.eclipse.jpt.jpa.ui",1398176265239
started,bundle,org.eclipse.jst.ws.jaxws.ui,1.0.100.v201104032053,"org.eclipse.jst.ws.jaxws.ui",1398176265260
started,bundle,org.eclipse.mylyn.java.ui,3.6.0.v20110608-1400,"org.eclipse.mylyn.java.ui",1398176265269
started,bundle,org.eclipse.pde.api.tools,1.0.301.v20111129-2053,"org.eclipse.pde.api.tools",1398176265355
started,bundle,org.eclipse.pde.api.tools.ui,1.0.301.v20110803_r371,"org.eclipse.pde.api.tools.ui",1398176265359
started,bundle,org.eclipse.jpt.jaxb.core,1.0.2.v201111103010,"org.eclipse.jpt.jaxb.core",1398176265516
deactivated,workbench,org.eclipse.ui.workbench,3.7.1.v20120104-1859,"",1398176269804
activated,workbench,org.eclipse.ui.workbench,3.7.1.v20120104-1859,"",1398176273474
executed,command,org.eclipse.ui,3.7.0.v20110928-1505,"org.eclipse.ui.edit.text.contentAssist.proposals",1398176276116
deactivated,workbench,org.eclipse.ui.workbench,3.7.1.v20120104-1859,"",1398176283843
activated,workbench,org.eclipse.ui.workbench,3.7.1.v20120104-1859,"",1398176292115
executed,command,org.eclipse.ui,3.7.0.v20110928-1505,"org.eclipse.ui.edit.text.contentAssist.proposals",1398176294156
deactivated,workbench,org.eclipse.ui.workbench,3.7.1.v20120104-1859,"",1398176295946
activated,workbench,org.eclipse.ui.workbench,3.7.1.v20120104-1859,"",1398176296101
deactivated,workbench,org.eclipse.ui.workbench,3.7.1.v20120104-1859,"",1398176300027
activated,workbench,org.eclipse.ui.workbench,3.7.1.v20120104-1859,"",1398176315849
executed,command,org.eclipse.ui,3.7.0.v20110928-1505,"org.eclipse.ui.edit.paste",1398176318181
executed,command,org.eclipse.ui,3.7.0.v20110928-1505,"org.eclipse.ui.edit.text.contentAssist.proposals",1398176319495
executed,command,org.eclipse.ui,3.7.0.v20110928-1505,"org.eclipse.ui.edit.undo",1398176323619
executed,command,org.eclipse.ui,3.7.0.v20110928-1505,"org.eclipse.ui.edit.paste",1398176325982
executed,command,org.eclipse.ui,3.7.0.v20110928-1505,"org.eclipse.ui.edit.text.contentAssist.proposals",1398176326819
executed,command,org.eclipse.ui.workbench.texteditor,3.7.0.v20110928-1504,"org.eclipse.ui.edit.text.delete.line",1398176335456
executed,command,org.eclipse.ui,3.7.0.v20110928-1505,"org.eclipse.ui.file.save",1398176335888
deactivated,workbench,org.eclipse.ui.workbench,3.7.1.v20120104-1859,"",1398176343035
activated,workbench,org.eclipse.ui.workbench,3.7.1.v20120104-1859,"",1398176343125
executed,command,org.eclipse.ui,3.7.0.v20110928-1505,"org.eclipse.ui.file.save",1398176344616
executed,command,org.eclipse.ui,3.7.0.v20110928-1505,"org.eclipse.ui.edit.text.contentAssist.proposals",1398176349621
executed,command,org.eclipse.ui,3.7.0.v20110928-1505,"org.eclipse.ui.edit.text.contentAssist.proposals",1398176357543
deactivated,workbench,org.eclipse.ui.workbench,3.7.1.v20120104-1859,"",1398176360587
activated,workbench,org.eclipse.ui.workbench,3.7.1.v20120104-1859,"",1398176360756
deactivated,workbench,org.eclipse.ui.workbench,3.7.1.v20120104-1859,"",1398176367284
activated,workbench,org.eclipse.ui.workbench,3.7.1.v20120104-1859,"",1398176367309
executed,command,org.eclipse.ui,3.7.0.v20110928-1505,"org.eclipse.ui.edit.undo",1398176374199
deactivated,workbench,org.eclipse.ui.workbench,3.7.1.v20120104-1859,"",1398176377330
activated,workbench,org.eclipse.ui.workbench,3.7.1.v20120104-1859,"",1398176377413
deactivated,workbench,org.eclipse.ui.workbench,3.7.1.v20120104-1859,"",1398176379851
activated,workbench,org.eclipse.ui.workbench,3.7.1.v20120104-1859,"",1398176379947
deactivated,workbench,org.eclipse.ui.workbench,3.7.1.v20120104-1859,"",1398176384074
activated,workbench,org.eclipse.ui.workbench,3.7.1.v20120104-1859,"",1398176384196
executed,command,org.eclipse.ui.workbench.texteditor,3.7.0.v20110928-1504,"org.eclipse.ui.edit.text.delete.line",1398176386006
executed,command,org.eclipse.ui,3.7.0.v20110928-1505,"org.eclipse.ui.file.save",1398176386344
deactivated,workbench,org.eclipse.ui.workbench,3.7.1.v20120104-1859,"",1398176389436
activated,workbench,org.eclipse.ui.workbench,3.7.1.v20120104-1859,"",1398176394858
executed,command,org.eclipse.ui,3.7.0.v20110928-1505,"org.eclipse.ui.edit.paste",1398176396296
executed,command,org.eclipse.ui,3.7.0.v20110928-1505,"org.eclipse.ui.file.save",1398176396746
executed,command,org.eclipse.ui,3.7.0.v20110928-1505,"org.eclipse.ui.file.save",1398176412725
executed,command,org.eclipse.ui,3.7.0.v20110928-1505,"org.eclipse.ui.file.save",1398176414570
deactivated,workbench,org.eclipse.ui.workbench,3.7.1.v20120104-1859,"",1398176419483
activated,workbench,org.eclipse.ui.workbench,3.7.1.v20120104-1859,"",1398176436649
executed,command,org.eclipse.ui,3.7.0.v20110928-1505,"org.eclipse.ui.edit.paste",1398176438543
executed,command,org.eclipse.ui,3.7.0.v20110928-1505,"org.eclipse.ui.file.save",1398176438942
executed,command,org.eclipse.ui.workbench.texteditor,3.7.0.v20110928-1504,"org.eclipse.ui.edit.text.delete.line",1398176442443
executed,command,org.eclipse.ui,3.7.0.v20110928-1505,"org.eclipse.ui.file.save",1398176442783
deactivated,workbench,org.eclipse.ui.workbench,3.7.1.v20120104-1859,"",1398176458002
activated,workbench,org.eclipse.ui.workbench,3.7.1.v20120104-1859,"",1398176462105
executed,command,org.eclipse.ui.workbench.texteditor,3.7.0.v20110928-1504,"org.eclipse.ui.edit.text.delete.line",1398176470059
executed,command,org.eclipse.ui,3.7.0.v20110928-1505,"org.eclipse.ui.file.save",1398176470346
deactivated,workbench,org.eclipse.ui.workbench,3.7.1.v20120104-1859,"",1398176479418
activated,workbench,org.eclipse.ui.workbench,3.7.1.v20120104-1859,"",1398176479564
executed,command,org.eclipse.ui,3.7.0.v20110928-1505,"org.eclipse.ui.file.save",1398176481191
executed,command,org.eclipse.ui,3.7.0.v20110928-1505,"org.eclipse.ui.edit.copy",1398176493479
executed,command,org.eclipse.ui,3.7.0.v20110928-1505,"org.eclipse.ui.edit.paste",1398176496950
executed,command,org.eclipse.ui,3.7.0.v20110928-1505,"org.eclipse.ui.file.save",1398176497375
executed,command,org.eclipse.ui,3.7.0.v20110928-1505,"org.eclipse.ui.edit.copy",1398176506281
executed,command,org.eclipse.ui,3.7.0.v20110928-1505,"org.eclipse.ui.edit.paste",1398176542453
executed,command,org.eclipse.ui,3.7.0.v20110928-1505,"org.eclipse.ui.file.save",1398176543249
executed,command,org.eclipse.ui,3.7.0.v20110928-1505,"org.eclipse.ui.edit.cut",1398176553775
executed,command,org.eclipse.ui,3.7.0.v20110928-1505,"org.eclipse.ui.edit.paste",1398176555726
executed,command,org.eclipse.ui,3.7.0.v20110928-1505,"org.eclipse.ui.file.save",1398176556162
executed,command,org.eclipse.ui.workbench.texteditor,3.7.0.v20110928-1504,"org.eclipse.ui.edit.text.delete.line",1398176563952
executed,command,org.eclipse.ui,3.7.0.v20110928-1505,"org.eclipse.ui.file.save",1398176564385
executed,command,org.eclipse.ui,3.7.0.v20110928-1505,"org.eclipse.ui.file.save",1398176578570
executed,command,org.eclipse.ui,3.7.0.v20110928-1505,"org.eclipse.ui.file.save",1398176610973
executed,command,org.eclipse.ui,3.7.0.v20110928-1505,"org.eclipse.ui.file.save",1398176616272
executed,command,org.eclipse.ui,3.7.0.v20110928-1505,"org.eclipse.ui.file.save",1398176618882
executed,command,org.eclipse.ui,3.7.0.v20110928-1505,"org.eclipse.ui.edit.copy",1398176623589
executed,command,org.eclipse.jdt.ui,3.7.2.v20120109-1427,"org.eclipse.jdt.ui.edit.text.java.rename.element",1398176626954
executed,command,org.eclipse.ui,3.7.0.v20110928-1505,"org.eclipse.ui.edit.paste",1398176627635
executed,command,org.eclipse.ui,3.7.0.v20110928-1505,"org.eclipse.ui.file.save",1398176628093
executed,command,org.eclipse.ui,3.7.0.v20110928-1505,"org.eclipse.ui.edit.cut",1398176671695
executed,command,org.eclipse.ui,3.7.0.v20110928-1505,"org.eclipse.ui.edit.paste",1398176673282
executed,command,org.eclipse.ui,3.7.0.v20110928-1505,"org.eclipse.ui.file.save",1398176673724
executed,command,org.eclipse.ui.workbench.texteditor,3.7.0.v20110928-1504,"org.eclipse.ui.edit.text.delete.line",1398176683265
executed,command,org.eclipse.ui,3.7.0.v20110928-1505,"org.eclipse.ui.file.save",1398176683640
executed,command,org.eclipse.ui,3.7.0.v20110928-1505,"org.eclipse.ui.edit.cut",1398176690122
executed,command,org.eclipse.ui.workbench.texteditor,3.7.0.v20110928-1504,"org.eclipse.ui.edit.text.delete.line",1398176690426
executed,command,org.eclipse.ui,3.7.0.v20110928-1505,"org.eclipse.ui.file.save",1398176690857
executed,command,org.eclipse.ui,3.7.0.v20110928-1505,"org.eclipse.ui.edit.paste",1398176699660
executed,command,org.eclipse.ui,3.7.0.v20110928-1505,"org.eclipse.ui.file.save",1398176700103
executed,command,org.eclipse.ui,3.7.0.v20110928-1505,"org.eclipse.ui.edit.copy",1398176703229
executed,command,org.eclipse.ui,3.7.0.v20110928-1505,"org.eclipse.ui.edit.paste",1398176705312
executed,command,org.eclipse.ui,3.7.0.v20110928-1505,"org.eclipse.ui.file.save",1398176705776
executed,command,org.eclipse.ui,3.7.0.v20110928-1505,"org.eclipse.ui.edit.cut",1398176717129
executed,command,org.eclipse.ui,3.7.0.v20110928-1505,"org.eclipse.ui.edit.paste",1398176718573
executed,command,org.eclipse.ui,3.7.0.v20110928-1505,"org.eclipse.ui.file.save",1398176718970
executed,command,org.eclipse.jdt.ui,3.7.2.v20120109-1427,"org.eclipse.jdt.ui.edit.text.java.rename.element",1398176722385
executed,command,org.eclipse.ui,3.7.0.v20110928-1505,"org.eclipse.ui.file.save",1398176725143
deactivated,workbench,org.eclipse.ui.workbench,3.7.1.v20120104-1859,"",1398176726550
executed,command,org.eclipse.ui,3.7.0.v20110928-1505,"org.eclipse.ui.edit.findReplace",1398176726582
activated,workbench,org.eclipse.ui.workbench,3.7.1.v20120104-1859,"",1398176727563
executed,command,org.eclipse.ui.workbench.texteditor,3.7.0.v20110928-1504,"org.eclipse.ui.edit.text.delete.line",1398176744049
executed,command,org.eclipse.ui,3.7.0.v20110928-1505,"org.eclipse.ui.file.save",1398176744407
executed,command,org.eclipse.ui.workbench.texteditor,3.7.0.v20110928-1504,"org.eclipse.ui.edit.text.delete.line",1398176745688
executed,command,org.eclipse.ui,3.7.0.v20110928-1505,"org.eclipse.ui.file.save",1398176746163
executed,command,org.eclipse.ui,3.7.0.v20110928-1505,"org.eclipse.ui.file.save",1398176749431
executed,command,org.eclipse.jdt.ui,3.7.2.v20120109-1427,"org.eclipse.jdt.ui.edit.text.java.rename.element",1398176752877
deactivated,workbench,org.eclipse.ui.workbench,3.7.1.v20120104-1859,"",1398176755963
executed,command,org.eclipse.ui,3.7.0.v20110928-1505,"org.eclipse.ui.edit.findReplace",1398176756007
activated,workbench,org.eclipse.ui.workbench,3.7.1.v20120104-1859,"",1398176757185
executed,command,org.eclipse.ui,3.7.0.v20110928-1505,"org.eclipse.ui.file.save",1398176763474
executed,command,org.eclipse.ui,3.7.0.v20110928-1505,"org.eclipse.ui.file.save",1398176767821
